instance_id,message_family_id,variant,romanized_message,source_register,domain,intent,speaker_role,recipient_role,authority_relation,relative_age,familiarity,setting,changed_cue_from_A,comparison_ids,primary_register,secondary_register,acceptable_registers,answerability,gold_confidence,reason_codes,english_token_ratio,code_mix_level,spelling_noise_level,authoring_source,human_revision_status,split,dataset_version
F001-A,F001,A,Kal project niye ekta meeting kora jabe?,UNCLEAR,ACADEMIC,REQUEST,UNIVERSITY_PROJECT_MEMBER,UNIVERSITY_PROJECT_MEMBER,EQUAL,SIMILAR,MEDIUM,SEMI_FORMAL,NONE,F001-B|F001-C,TUMI,APNI,TUMI|APNI,ANSWERABLE,HIGH,FAMILIARITY|SETTING,0.286,MODERATE,NONE,AI_CANDIDATE_REVISED,REVIEWED,DEVELOPMENT,SOCIALCUE-BN-GOLD-V1.0
F001-B,F001,B,Kal project niye ekta meeting kora jabe?,UNCLEAR,ACADEMIC,REQUEST,UNIVERSITY_PROJECT_MEMBER,UNIVERSITY_PROJECT_MEMBER,HIGHER,SIMILAR,MEDIUM,SEMI_FORMAL,AUTHORITY,F001-A,APNI,TUMI,APNI|TUMI,ANSWERABLE,HIGH,AUTHORITY|SETTING,0.286,MODERATE,NONE,AI_CANDIDATE_REVISED,REVIEWED,DEVELOPMENT,SOCIALCUE-BN-GOLD-V1.0
F001-C,F001,C,Kal project niye ekta meeting kora jabe?,UNCLEAR,ACADEMIC,REQUEST,UNIVERSITY_PROJECT_MEMBER,UNIVERSITY_PROJECT_MEMBER,EQUAL,OLDER,MEDIUM,SEMI_FORMAL,AGE,F001-A,APNI,TUMI,APNI|TUMI,ANSWERABLE,HIGH,AGE|FAMILIARITY|SETTING,0.286,MODERATE,NONE,AI_CANDIDATE_REVISED,REVIEWED,DEVELOPMENT,SOCIALCUE-BN-GOLD-V1.0
F002-A,F002,A,Assignment er deadline niye ektu kotha chilo.,UNCLEAR,ACADEMIC,REQUEST,STUDENT,ACADEMIC_CONTACT,EQUAL,SIMILAR,HIGH,INFORMAL,NONE,F002-B|F002-C,TUMI,,TUMI,ANSWERABLE,HIGH,FAMILIARITY|SETTING,0.286,MODERATE,NONE,AI_CANDIDATE_REVISED,REVIEWED,DEVELOPMENT,SOCIALCUE-BN-GOLD-V1.0
F002-B,F002,B,Assignment er deadline niye ektu kotha chilo.,UNCLEAR,ACADEMIC,REQUEST,STUDENT,ACADEMIC_CONTACT,EQUAL,SIMILAR,LOW,INFORMAL,FAMILIARITY,F002-A,APNI,TUMI,APNI|TUMI,ANSWERABLE,HIGH,FAMILIARITY|SETTING,0.286,MODERATE,NONE,AI_CANDIDATE_REVISED,REVIEWED,DEVELOPMENT,SOCIALCUE-BN-GOLD-V1.0
F002-C,F002,C,Assignment er deadline niye ektu kotha chilo.,UNCLEAR,ACADEMIC,REQUEST,STUDENT,ACADEMIC_CONTACT,EQUAL,SIMILAR,HIGH,FORMAL,SETTING,F002-A,APNI,TUMI,APNI|TUMI,ANSWERABLE,HIGH,FAMILIARITY|SETTING,0.286,MODERATE,NONE,AI_CANDIDATE_REVISED,REVIEWED,DEVELOPMENT,SOCIALCUE-BN-GOLD-V1.0
F003-A,F003,A,Report ta niye ektu motamot dorkar chilo.,UNCLEAR,ACADEMIC,REQUEST,STUDENT_WRITER,ACADEMIC_REVIEWER,EQUAL,SIMILAR,MEDIUM,INFORMAL,NONE,F003-B|F003-C,TUMI,,TUMI,ANSWERABLE,HIGH,FAMILIARITY|SETTING,0.143,LIGHT,NONE,AI_CANDIDATE_REVISED,REWRITTEN,DEVELOPMENT,SOCIALCUE-BN-GOLD-V1.0
F003-B,F003,B,Report ta niye ektu motamot dorkar chilo.,UNCLEAR,ACADEMIC,REQUEST,STUDENT_WRITER,ACADEMIC_REVIEWER,HIGHER,SIMILAR,MEDIUM,INFORMAL,AUTHORITY,F003-A,APNI,TUMI,APNI|TUMI,ANSWERABLE,HIGH,AUTHORITY|FAMILIARITY|SETTING,0.143,LIGHT,NONE,AI_CANDIDATE_REVISED,REWRITTEN,DEVELOPMENT,SOCIALCUE-BN-GOLD-V1.0
F003-C,F003,C,Report ta niye ektu motamot dorkar chilo.,UNCLEAR,ACADEMIC,REQUEST,STUDENT_WRITER,ACADEMIC_REVIEWER,EQUAL,SIMILAR,MEDIUM,FORMAL,SETTING,F003-A,APNI,TUMI,APNI|TUMI,ANSWERABLE,HIGH,FAMILIARITY|SETTING,0.143,LIGHT,NONE,AI_CANDIDATE_REVISED,REWRITTEN,DEVELOPMENT,SOCIALCUE-BN-GOLD-V1.0
F004-A,F004,A,Client er file ta ajker moddhe dorkar.,UNCLEAR,PROFESSIONAL,REQUEST,WORK_TEAM_MEMBER,WORK_TEAM_MEMBER,EQUAL,SIMILAR,HIGH,SEMI_FORMAL,NONE,F004-B|F004-C,TUMI,APNI,TUMI|APNI,ANSWERABLE,HIGH,FAMILIARITY|SETTING,0.286,MODERATE,NONE,AI_CANDIDATE_REVISED,REVIEWED,DEVELOPMENT,SOCIALCUE-BN-GOLD-V1.0
F004-B,F004,B,Client er file ta ajker moddhe dorkar.,UNCLEAR,PROFESSIONAL,REQUEST,WORK_TEAM_MEMBER,WORK_TEAM_MEMBER,HIGHER,SIMILAR,HIGH,SEMI_FORMAL,AUTHORITY,F004-A,APNI,TUMI,APNI|TUMI,ANSWERABLE,HIGH,AUTHORITY|FAMILIARITY|SETTING,0.286,MODERATE,NONE,AI_CANDIDATE_REVISED,REVIEWED,DEVELOPMENT,SOCIALCUE-BN-GOLD-V1.0
F004-C,F004,C,Client er file ta ajker moddhe dorkar.,UNCLEAR,PROFESSIONAL,REQUEST,WORK_TEAM_MEMBER,WORK_TEAM_MEMBER,EQUAL,SIMILAR,LOW,SEMI_FORMAL,FAMILIARITY,F004-A,APNI,TUMI,APNI|TUMI,ANSWERABLE,HIGH,FAMILIARITY|SETTING,0.286,MODERATE,NONE,AI_CANDIDATE_REVISED,REVIEWED,DEVELOPMENT,SOCIALCUE-BN-GOLD-V1.0
F005-A,F005,A,Agamikaler shift er shomoy ta confirm kora dorkar.,UNCLEAR,PROFESSIONAL,QUESTION,STAFF_MEMBER,STAFF_MEMBER,EQUAL,SIMILAR,MEDIUM,INFORMAL,NONE,F005-B|F005-C,TUMI,,TUMI,ANSWERABLE,HIGH,FAMILIARITY|SETTING,0.25,MODERATE,NONE,AI_CANDIDATE_REVISED,REWRITTEN,DEVELOPMENT,SOCIALCUE-BN-GOLD-V1.0
F005-B,F005,B,Agamikaler shift er shomoy ta confirm kora dorkar.,UNCLEAR,PROFESSIONAL,QUESTION,STAFF_MEMBER,STAFF_MEMBER,EQUAL,OLDER,MEDIUM,INFORMAL,AGE,F005-A,APNI,TUMI,APNI|TUMI,ANSWERABLE,HIGH,AGE|FAMILIARITY|SETTING,0.25,MODERATE,NONE,AI_CANDIDATE_REVISED,REWRITTEN,DEVELOPMENT,SOCIALCUE-BN-GOLD-V1.0
F005-C,F005,C,Agamikaler shift er shomoy ta confirm kora dorkar.,UNCLEAR,PROFESSIONAL,QUESTION,STAFF_MEMBER,STAFF_MEMBER,EQUAL,SIMILAR,MEDIUM,FORMAL,SETTING,F005-A,APNI,TUMI,APNI|TUMI,ANSWERABLE,HIGH,FAMILIARITY|SETTING,0.25,MODERATE,NONE,AI_CANDIDATE_REVISED,REWRITTEN,DEVELOPMENT,SOCIALCUE-BN-GOLD-V1.0
F006-A,F006,A,Ei prostab ta onumodon kora dorkar.,UNCLEAR,PROFESSIONAL,REQUEST,PROPOSAL_AUTHOR,PROPOSAL_REVIEWER,EQUAL,SIMILAR,MEDIUM,SEMI_FORMAL,NONE,F006-B|F006-C,TUMI,APNI,TUMI|APNI,ANSWERABLE,HIGH,FAMILIARITY|SETTING,0,NONE,NONE,AI_CANDIDATE_REVISED,REWRITTEN,DEVELOPMENT,SOCIALCUE-BN-GOLD-V1.0
F006-B,F006,B,Ei prostab ta onumodon kora dorkar.,UNCLEAR,PROFESSIONAL,REQUEST,PROPOSAL_AUTHOR,PROPOSAL_REVIEWER,HIGHER,SIMILAR,MEDIUM,SEMI_FORMAL,AUTHORITY,F006-A,APNI,TUMI,APNI|TUMI,ANSWERABLE,HIGH,AUTHORITY|SETTING,0,NONE,NONE,AI_CANDIDATE_REVISED,REWRITTEN,DEVELOPMENT,SOCIALCUE-BN-GOLD-V1.0
F006-C,F006,C,Ei prostab ta onumodon kora dorkar.,UNCLEAR,PROFESSIONAL,REQUEST,PROPOSAL_AUTHOR,PROPOSAL_REVIEWER,EQUAL,OLDER,MEDIUM,SEMI_FORMAL,AGE,F006-A,APNI,TUMI,APNI|TUMI,ANSWERABLE,HIGH,AGE|FAMILIARITY|SETTING,0,NONE,NONE,AI_CANDIDATE_REVISED,REWRITTEN,DEVELOPMENT,SOCIALCUE-BN-GOLD-V1.0
F007-A,F007,A,Bari pouchhanor por ekbar janale bhalo hoy.,UNCLEAR,FAMILY,REMINDER,FAMILY_MEMBER,FAMILY_MEMBER,EQUAL,SIMILAR,HIGH,INFORMAL,NONE,F007-B|F007-C,TUMI,TUI,TUMI|TUI,ANSWERABLE,HIGH,FAMILIARITY|SETTING|KINSHIP,0,NONE,NONE,AI_CANDIDATE_REVISED,REWRITTEN,DEVELOPMENT,SOCIALCUE-BN-GOLD-V1.0
F007-B,F007,B,Bari pouchhanor por ekbar janale bhalo hoy.,UNCLEAR,FAMILY,REMINDER,FAMILY_MEMBER,FAMILY_MEMBER,EQUAL,OLDER,HIGH,INFORMAL,AGE,F007-A,TUMI,APNI,TUMI|APNI,ANSWERABLE,HIGH,AGE|FAMILIARITY|SETTING|KINSHIP,0,NONE,NONE,AI_CANDIDATE_REVISED,REWRITTEN,DEVELOPMENT,SOCIALCUE-BN-GOLD-V1.0
F007-C,F007,C,Bari pouchhanor por ekbar janale bhalo hoy.,UNCLEAR,FAMILY,REMINDER,FAMILY_MEMBER,FAMILY_MEMBER,EQUAL,SIMILAR,LOW,INFORMAL,FAMILIARITY,F007-A,APNI,TUMI,APNI|TUMI,ANSWERABLE,HIGH,FAMILIARITY|SETTING|KINSHIP,0,NONE,NONE,AI_CANDIDATE_REVISED,REWRITTEN,DEVELOPMENT,SOCIALCUE-BN-GOLD-V1.0
F008-A,F008,A,Ghorer kaj e ektu shahajjo dorkar.,UNCLEAR,FAMILY,REQUEST,FAMILY_MEMBER,FAMILY_MEMBER,EQUAL,SIMILAR,HIGH,INFORMAL,NONE,F008-B|F008-C,TUMI,TUI,TUMI|TUI,ANSWERABLE,HIGH,FAMILIARITY|SETTING|KINSHIP,0,NONE,NONE,AI_CANDIDATE_REVISED,REVIEWED,DEVELOPMENT,SOCIALCUE-BN-GOLD-V1.0
F008-B,F008,B,Ghorer kaj e ektu shahajjo dorkar.,UNCLEAR,FAMILY,REQUEST,FAMILY_MEMBER,FAMILY_MEMBER,HIGHER,SIMILAR,HIGH,INFORMAL,AUTHORITY,F008-A,APNI,TUMI,APNI|TUMI,ANSWERABLE,HIGH,AUTHORITY|FAMILIARITY|SETTING|KINSHIP,0,NONE,NONE,AI_CANDIDATE_REVISED,REVIEWED,DEVELOPMENT,SOCIALCUE-BN-GOLD-V1.0
F008-C,F008,C,Ghorer kaj e ektu shahajjo dorkar.,UNCLEAR,FAMILY,REQUEST,FAMILY_MEMBER,FAMILY_MEMBER,EQUAL,SIMILAR,LOW,INFORMAL,FAMILIARITY,F008-A,APNI,TUMI,APNI|TUMI,ANSWERABLE,HIGH,FAMILIARITY|SETTING|KINSHIP,0,NONE,NONE,AI_CANDIDATE_REVISED,REVIEWED,DEVELOPMENT,SOCIALCUE-BN-GOLD-V1.0
F009-A,F009,A,Oshudh ta rate khete hobe.,UNCLEAR,FAMILY,REMINDER,FAMILY_MEMBER,FAMILY_MEMBER,EQUAL,SIMILAR,HIGH,INFORMAL,NONE,F009-B|F009-C,TUMI,TUI,TUMI|TUI,ANSWERABLE,HIGH,FAMILIARITY|SETTING|KINSHIP,0,NONE,NONE,AI_CANDIDATE_REVISED,REVIEWED,DEVELOPMENT,SOCIALCUE-BN-GOLD-V1.0
F009-B,F009,B,Oshudh ta rate khete hobe.,UNCLEAR,FAMILY,REMINDER,FAMILY_MEMBER,FAMILY_MEMBER,EQUAL,OLDER,HIGH,INFORMAL,AGE,F009-A,TUMI,APNI,TUMI|APNI,ANSWERABLE,HIGH,AGE|FAMILIARITY|SETTING|KINSHIP,0,NONE,NONE,AI_CANDIDATE_REVISED,REVIEWED,DEVELOPMENT,SOCIALCUE-BN-GOLD-V1.0
F009-C,F009,C,Oshudh ta rate khete hobe.,UNCLEAR,FAMILY,REMINDER,FAMILY_MEMBER,FAMILY_MEMBER,EQUAL,SIMILAR,HIGH,FORMAL,SETTING,F009-A,APNI,TUMI,APNI|TUMI,ANSWERABLE,HIGH,FAMILIARITY|SETTING|KINSHIP,0,NONE,NONE,AI_CANDIDATE_REVISED,REVIEWED,DEVELOPMENT,SOCIALCUE-BN-GOLD-V1.0
F010-A,F010,A,Kal campus e dekha kora jabe?,UNCLEAR,FRIENDSHIP,INVITATION,UNIVERSITY_PEER,UNIVERSITY_PEER,EQUAL,SIMILAR,HIGH,INFORMAL,NONE,F010-B|F010-C,TUMI,TUI,TUMI|TUI,ANSWERABLE,HIGH,FAMILIARITY|SETTING,0.167,MODERATE,NONE,AI_CANDIDATE_REVISED,REWRITTEN,DEVELOPMENT,SOCIALCUE-BN-GOLD-V1.0
F010-B,F010,B,Kal campus e dekha kora jabe?,UNCLEAR,FRIENDSHIP,INVITATION,UNIVERSITY_PEER,UNIVERSITY_PEER,EQUAL,SIMILAR,LOW,INFORMAL,FAMILIARITY,F010-A,APNI,TUMI,APNI|TUMI,ANSWERABLE,HIGH,FAMILIARITY|SETTING,0.167,MODERATE,NONE,AI_CANDIDATE_REVISED,REWRITTEN,DEVELOPMENT,SOCIALCUE-BN-GOLD-V1.0
F010-C,F010,C,Kal campus e dekha kora jabe?,UNCLEAR,FRIENDSHIP,INVITATION,UNIVERSITY_PEER,UNIVERSITY_PEER,EQUAL,SIMILAR,HIGH,FORMAL,SETTING,F010-A,APNI,TUMI,APNI|TUMI,ANSWERABLE,HIGH,FAMILIARITY|SETTING,0.167,MODERATE,NONE,AI_CANDIDATE_REVISED,REWRITTEN,DEVELOPMENT,SOCIALCUE-BN-GOLD-V1.0
F011-A,F011,A,Ekta chhoto shahajjo dorkar chilo.,UNCLEAR,FRIENDSHIP,REQUEST,FRIEND,FRIEND,EQUAL,SIMILAR,HIGH,INFORMAL,NONE,F011-B|F011-C,TUMI,TUI,TUMI|TUI,ANSWERABLE,HIGH,FAMILIARITY|SETTING,0,NONE,NONE,AI_CANDIDATE_REVISED,REVIEWED,DEVELOPMENT,SOCIALCUE-BN-GOLD-V1.0
F011-B,F011,B,Ekta chhoto shahajjo dorkar chilo.,UNCLEAR,FRIENDSHIP,REQUEST,FRIEND,FRIEND,HIGHER,SIMILAR,HIGH,INFORMAL,AUTHORITY,F011-A,APNI,TUMI,APNI|TUMI,ANSWERABLE,HIGH,AUTHORITY|FAMILIARITY|SETTING,0,NONE,NONE,AI_CANDIDATE_REVISED,REVIEWED,DEVELOPMENT,SOCIALCUE-BN-GOLD-V1.0
F011-C,F011,C,Ekta chhoto shahajjo dorkar chilo.,UNCLEAR,FRIENDSHIP,REQUEST,FRIEND,FRIEND,EQUAL,OLDER,HIGH,INFORMAL,AGE,F011-A,TUMI,APNI,TUMI|APNI,ANSWERABLE,HIGH,AGE|FAMILIARITY|SETTING,0,NONE,NONE,AI_CANDIDATE_REVISED,REVIEWED,DEVELOPMENT,SOCIALCUE-BN-GOLD-V1.0
F012-A,F012,A,Ei thikanay jawar rasta ta jante chachchilam.,UNCLEAR,SERVICE_PUBLIC,QUESTION,PERSON_SEEKING_DIRECTIONS,PUBLIC_CONTACT,EQUAL,SIMILAR,LOW,INFORMAL,NONE,F012-B|F012-C,APNI,TUMI,APNI|TUMI,ANSWERABLE,HIGH,FAMILIARITY|SETTING,0,NONE,NONE,AI_CANDIDATE_REVISED,REWRITTEN,DEVELOPMENT,SOCIALCUE-BN-GOLD-V1.0
F012-B,F012,B,Ei thikanay jawar rasta ta jante chachchilam.,UNCLEAR,SERVICE_PUBLIC,QUESTION,PERSON_SEEKING_DIRECTIONS,PUBLIC_CONTACT,HIGHER,SIMILAR,LOW,INFORMAL,AUTHORITY,F012-A,APNI,,APNI,ANSWERABLE,HIGH,AUTHORITY|FAMILIARITY|SETTING,0,NONE,NONE,AI_CANDIDATE_REVISED,REWRITTEN,DEVELOPMENT,SOCIALCUE-BN-GOLD-V1.0
F012-C,F012,C,Ei thikanay jawar rasta ta jante chachchilam.,UNCLEAR,SERVICE_PUBLIC,QUESTION,PERSON_SEEKING_DIRECTIONS,PUBLIC_CONTACT,EQUAL,SIMILAR,LOW,FORMAL,SETTING,F012-A,APNI,,APNI,ANSWERABLE,HIGH,FAMILIARITY|SETTING,0,NONE,NONE,AI_CANDIDATE_REVISED,REWRITTEN,DEVELOPMENT,SOCIALCUE-BN-GOLD-V1.0
F013-A,F013,A,Appointment er shomoy ta confirm kora dorkar.,UNCLEAR,SERVICE_PUBLIC,FOLLOW_UP,SERVICE_USER,SERVICE_CONTACT,EQUAL,SIMILAR,HIGH,SEMI_FORMAL,NONE,F013-B|F013-C,TUMI,APNI,TUMI|APNI,ANSWERABLE,HIGH,FAMILIARITY|SETTING,0.286,MODERATE,NONE,AI_CANDIDATE_REVISED,REVIEWED,DEVELOPMENT,SOCIALCUE-BN-GOLD-V1.0
F013-B,F013,B,Appointment er shomoy ta confirm kora dorkar.,UNCLEAR,SERVICE_PUBLIC,FOLLOW_UP,SERVICE_USER,SERVICE_CONTACT,EQUAL,OLDER,HIGH,SEMI_FORMAL,AGE,F013-A,APNI,TUMI,APNI|TUMI,ANSWERABLE,HIGH,AGE|FAMILIARITY|SETTING,0.286,MODERATE,NONE,AI_CANDIDATE_REVISED,REVIEWED,DEVELOPMENT,SOCIALCUE-BN-GOLD-V1.0
F013-C,F013,C,Appointment er shomoy ta confirm kora dorkar.,UNCLEAR,SERVICE_PUBLIC,FOLLOW_UP,SERVICE_USER,SERVICE_CONTACT,EQUAL,SIMILAR,LOW,SEMI_FORMAL,FAMILIARITY,F013-A,APNI,TUMI,APNI|TUMI,ANSWERABLE,HIGH,FAMILIARITY|SETTING,0.286,MODERATE,NONE,AI_CANDIDATE_REVISED,REVIEWED,DEVELOPMENT,SOCIALCUE-BN-GOLD-V1.0
F014-A,F014,A,Group e post korar niyom ta ektu clear kora jabe?,UNCLEAR,ONLINE,QUESTION,ONLINE_GROUP_MEMBER,ONLINE_GROUP_MEMBER,EQUAL,SIMILAR,HIGH,INFORMAL,NONE,F014-B|F014-C,TUMI,,TUMI,ANSWERABLE,HIGH,FAMILIARITY|SETTING,0.3,MODERATE,NONE,AI_CANDIDATE_REVISED,REVIEWED,DEVELOPMENT,SOCIALCUE-BN-GOLD-V1.0
F014-B,F014,B,Group e post korar niyom ta ektu clear kora jabe?,UNCLEAR,ONLINE,QUESTION,ONLINE_GROUP_MEMBER,ONLINE_GROUP_MEMBER,HIGHER,SIMILAR,HIGH,INFORMAL,AUTHORITY,F014-A,APNI,TUMI,APNI|TUMI,ANSWERABLE,HIGH,AUTHORITY|FAMILIARITY|SETTING,0.3,MODERATE,NONE,AI_CANDIDATE_REVISED,REVIEWED,DEVELOPMENT,SOCIALCUE-BN-GOLD-V1.0
F014-C,F014,C,Group e post korar niyom ta ektu clear kora jabe?,UNCLEAR,ONLINE,QUESTION,ONLINE_GROUP_MEMBER,ONLINE_GROUP_MEMBER,EQUAL,SIMILAR,LOW,INFORMAL,FAMILIARITY,F014-A,APNI,TUMI,APNI|TUMI,ANSWERABLE,HIGH,FAMILIARITY|SETTING,0.3,MODERATE,NONE,AI_CANDIDATE_REVISED,REVIEWED,DEVELOPMENT,SOCIALCUE-BN-GOLD-V1.0
F015-A,F015,A,Ei tothyer source ta share kora jabe?,UNCLEAR,ONLINE,REQUEST,ONLINE_COMMUNITY_MEMBER,ONLINE_COMMUNITY_MEMBER,EQUAL,SIMILAR,MEDIUM,INFORMAL,NONE,F015-B|F015-C,TUMI,,TUMI,ANSWERABLE,HIGH,FAMILIARITY|SETTING,0.286,MODERATE,NONE,AI_CANDIDATE_REVISED,REVIEWED,DEVELOPMENT,SOCIALCUE-BN-GOLD-V1.0
F015-B,F015,B,Ei tothyer source ta share kora jabe?,UNCLEAR,ONLINE,REQUEST,ONLINE_COMMUNITY_MEMBER,ONLINE_COMMUNITY_MEMBER,EQUAL,OLDER,MEDIUM,INFORMAL,AGE,F015-A,APNI,TUMI,APNI|TUMI,ANSWERABLE,HIGH,AGE|FAMILIARITY|SETTING,0.286,MODERATE,NONE,AI_CANDIDATE_REVISED,REVIEWED,DEVELOPMENT,SOCIALCUE-BN-GOLD-V1.0
F015-C,F015,C,Ei tothyer source ta share kora jabe?,UNCLEAR,ONLINE,REQUEST,ONLINE_COMMUNITY_MEMBER,ONLINE_COMMUNITY_MEMBER,EQUAL,SIMILAR,MEDIUM,FORMAL,SETTING,F015-A,APNI,TUMI,APNI|TUMI,ANSWERABLE,HIGH,FAMILIARITY|SETTING,0.286,MODERATE,NONE,AI_CANDIDATE_REVISED,REVIEWED,DEVELOPMENT,SOCIALCUE-BN-GOLD-V1.0
F016-A,F016,A,Class er note ta ekbar pathano jabe?,UNCLEAR,ACADEMIC,REQUEST,STUDENT,ACADEMIC_CONTACT,EQUAL,SIMILAR,HIGH,INFORMAL,NONE,F016-B|F016-C,TUMI,,TUMI,ANSWERABLE,HIGH,FAMILIARITY|SETTING,0.143,LIGHT,NONE,AI_CANDIDATE_REVISED,REVIEWED,DEVELOPMENT,SOCIALCUE-BN-GOLD-V1.0
F016-B,F016,B,Class er note ta ekbar pathano jabe?,UNCLEAR,ACADEMIC,REQUEST,STUDENT,ACADEMIC_CONTACT,HIGHER,SIMILAR,HIGH,INFORMAL,AUTHORITY,F016-A,APNI,TUMI,APNI|TUMI,ANSWERABLE,HIGH,AUTHORITY|FAMILIARITY|SETTING,0.143,LIGHT,NONE,AI_CANDIDATE_REVISED,REVIEWED,DEVELOPMENT,SOCIALCUE-BN-GOLD-V1.0
F016-C,F016,C,Class er note ta ekbar pathano jabe?,UNCLEAR,ACADEMIC,REQUEST,STUDENT,ACADEMIC_CONTACT,EQUAL,OLDER,HIGH,INFORMAL,AGE,F016-A,TUMI,APNI,TUMI|APNI,ANSWERABLE,HIGH,AGE|FAMILIARITY|SETTING,0.143,LIGHT,NONE,AI_CANDIDATE_REVISED,REVIEWED,DEVELOPMENT,SOCIALCUE-BN-GOLD-V1.0
F017-A,F017,A,Agamikaler class ta kothay hobe jana ache?,UNCLEAR,ACADEMIC,QUESTION,STUDENT,ACADEMIC_CONTACT,LOWER,YOUNGER,HIGH,INFORMAL,NONE,F017-B|F017-C,TUI,TUMI,TUI|TUMI,ANSWERABLE,HIGH,AUTHORITY|AGE|FAMILIARITY|SETTING,0.143,LIGHT,NONE,AI_CANDIDATE_REVISED,REVIEWED,DEVELOPMENT,SOCIALCUE-BN-GOLD-V1.0
F017-B,F017,B,Agamikaler class ta kothay hobe jana ache?,UNCLEAR,ACADEMIC,QUESTION,STUDENT,ACADEMIC_CONTACT,EQUAL,YOUNGER,HIGH,INFORMAL,AUTHORITY,F017-A,TUMI,TUI,TUMI|TUI,ANSWERABLE,HIGH,AGE|FAMILIARITY|SETTING,0.143,LIGHT,NONE,AI_CANDIDATE_REVISED,REVIEWED,DEVELOPMENT,SOCIALCUE-BN-GOLD-V1.0
F017-C,F017,C,Agamikaler class ta kothay hobe jana ache?,UNCLEAR,ACADEMIC,QUESTION,STUDENT,ACADEMIC_CONTACT,LOWER,YOUNGER,LOW,INFORMAL,FAMILIARITY,F017-A,APNI,TUMI,APNI|TUMI,ANSWERABLE,HIGH,AUTHORITY|AGE|FAMILIARITY|SETTING,0.143,LIGHT,NONE,AI_CANDIDATE_REVISED,REVIEWED,DEVELOPMENT,SOCIALCUE-BN-GOLD-V1.0
F018-A,F018,A,Presentation er slide gulo dekhe motamot deya jabe?,UNCLEAR,ACADEMIC,REQUEST,STUDENT_PRESENTER,ACADEMIC_CONTACT,EQUAL,SIMILAR,MEDIUM,SEMI_FORMAL,NONE,F018-B|F018-C,TUMI,APNI,TUMI|APNI,ANSWERABLE,HIGH,FAMILIARITY|SETTING,0.25,MODERATE,NONE,AI_CANDIDATE_REVISED,REVIEWED,DEVELOPMENT,SOCIALCUE-BN-GOLD-V1.0
F018-B,F018,B,Presentation er slide gulo dekhe motamot deya jabe?,UNCLEAR,ACADEMIC,REQUEST,STUDENT_PRESENTER,ACADEMIC_CONTACT,HIGHER,SIMILAR,MEDIUM,SEMI_FORMAL,AUTHORITY,F018-A,APNI,TUMI,APNI|TUMI,ANSWERABLE,HIGH,AUTHORITY|SETTING,0.25,MODERATE,NONE,AI_CANDIDATE_REVISED,REVIEWED,DEVELOPMENT,SOCIALCUE-BN-GOLD-V1.0
F018-C,F018,C,Presentation er slide gulo dekhe motamot deya jabe?,UNCLEAR,ACADEMIC,REQUEST,STUDENT_PRESENTER,ACADEMIC_CONTACT,EQUAL,SIMILAR,MEDIUM,FORMAL,SETTING,F018-A,APNI,TUMI,APNI|TUMI,ANSWERABLE,HIGH,FAMILIARITY|SETTING,0.25,MODERATE,NONE,AI_CANDIDATE_REVISED,REVIEWED,DEVELOPMENT,SOCIALCUE-BN-GOLD-V1.0
F019-A,F019,A,Lab report jama deyar shomoy ta jana dorkar.,UNCLEAR,ACADEMIC,QUESTION,STUDENT,LAB_CONTACT,EQUAL,YOUNGER,HIGH,INFORMAL,NONE,F019-B|F019-C,TUMI,TUI,TUMI|TUI,ANSWERABLE,HIGH,AGE|FAMILIARITY|SETTING,0.25,MODERATE,NONE,AI_CANDIDATE_REVISED,REVIEWED,DEVELOPMENT,SOCIALCUE-BN-GOLD-V1.0
F019-B,F019,B,Lab report jama deyar shomoy ta jana dorkar.,UNCLEAR,ACADEMIC,QUESTION,STUDENT,LAB_CONTACT,EQUAL,OLDER,HIGH,INFORMAL,AGE,F019-A,TUMI,APNI,TUMI|APNI,ANSWERABLE,HIGH,AGE|FAMILIARITY|SETTING,0.25,MODERATE,NONE,AI_CANDIDATE_REVISED,REVIEWED,DEVELOPMENT,SOCIALCUE-BN-GOLD-V1.0
F019-C,F019,C,Lab report jama deyar shomoy ta jana dorkar.,UNCLEAR,ACADEMIC,QUESTION,STUDENT,LAB_CONTACT,EQUAL,YOUNGER,LOW,INFORMAL,FAMILIARITY,F019-A,APNI,TUMI,APNI|TUMI,ANSWERABLE,HIGH,AGE|FAMILIARITY|SETTING,0.25,MODERATE,NONE,AI_CANDIDATE_REVISED,REVIEWED,DEVELOPMENT,SOCIALCUE-BN-GOLD-V1.0
F020-A,F020,A,Research topic ta niye ektu alochona kora jabe?,UNCLEAR,ACADEMIC,REQUEST,STUDENT_RESEARCHER,ACADEMIC_CONTACT,EQUAL,SIMILAR,HIGH,INFORMAL,NONE,F020-B|F020-C,TUMI,,TUMI,ANSWERABLE,HIGH,FAMILIARITY|SETTING,0.125,LIGHT,NONE,AI_CANDIDATE_REVISED,REVIEWED,DEVELOPMENT,SOCIALCUE-BN-GOLD-V1.0
F020-B,F020,B,Research topic ta niye ektu alochona kora jabe?,UNCLEAR,ACADEMIC,REQUEST,STUDENT_RESEARCHER,ACADEMIC_CONTACT,EQUAL,OLDER,HIGH,INFORMAL,AGE,F020-A,TUMI,APNI,TUMI|APNI,ANSWERABLE,HIGH,AGE|FAMILIARITY|SETTING,0.125,LIGHT,NONE,AI_CANDIDATE_REVISED,REVIEWED,DEVELOPMENT,SOCIALCUE-BN-GOLD-V1.0
F020-C,F020,C,Research topic ta niye ektu alochona kora jabe?,UNCLEAR,ACADEMIC,REQUEST,STUDENT_RESEARCHER,ACADEMIC_CONTACT,EQUAL,SIMILAR,HIGH,FORMAL,SETTING,F020-A,APNI,TUMI,APNI|TUMI,ANSWERABLE,HIGH,FAMILIARITY|SETTING,0.125,LIGHT,NONE,AI_CANDIDATE_REVISED,REVIEWED,DEVELOPMENT,SOCIALCUE-BN-GOLD-V1.0
F021-A,F021,A,Course registration er bishoyta ektu bujhiye deya jabe?,UNCLEAR,ACADEMIC,REQUEST,STUDENT,ACADEMIC_CONTACT,EQUAL,SIMILAR,HIGH,INFORMAL,NONE,F021-B|F021-C,TUMI,,TUMI,ANSWERABLE,HIGH,FAMILIARITY|SETTING,0.25,MODERATE,NONE,AI_CANDIDATE_REVISED,REVIEWED,DEVELOPMENT,SOCIALCUE-BN-GOLD-V1.0
F021-B,F021,B,Course registration er bishoyta ektu bujhiye deya jabe?,UNCLEAR,ACADEMIC,REQUEST,STUDENT,ACADEMIC_CONTACT,EQUAL,SIMILAR,LOW,INFORMAL,FAMILIARITY,F021-A,APNI,TUMI,APNI|TUMI,ANSWERABLE,HIGH,FAMILIARITY|SETTING,0.25,MODERATE,NONE,AI_CANDIDATE_REVISED,REVIEWED,DEVELOPMENT,SOCIALCUE-BN-GOLD-V1.0
F021-C,F021,C,Course registration er bishoyta ektu bujhiye deya jabe?,UNCLEAR,ACADEMIC,REQUEST,STUDENT,ACADEMIC_CONTACT,EQUAL,SIMILAR,HIGH,FORMAL,SETTING,F021-A,APNI,TUMI,APNI|TUMI,ANSWERABLE,HIGH,FAMILIARITY|SETTING,0.25,MODERATE,NONE,AI_CANDIDATE_REVISED,REVIEWED,DEVELOPMENT,SOCIALCUE-BN-GOLD-V1.0
F022-A,F022,A,Quiz er syllabus ta abar bole deya jabe?,UNCLEAR,ACADEMIC,QUESTION,STUDENT,COURSE_CONTACT,HIGHER,SIMILAR,MEDIUM,SEMI_FORMAL,NONE,F022-B|F022-C,APNI,TUMI,APNI|TUMI,ANSWERABLE,HIGH,AUTHORITY|SETTING,0.25,MODERATE,NONE,AI_CANDIDATE_REVISED,REVIEWED,DEVELOPMENT,SOCIALCUE-BN-GOLD-V1.0
F022-B,F022,B,Quiz er syllabus ta abar bole deya jabe?,UNCLEAR,ACADEMIC,QUESTION,STUDENT,COURSE_CONTACT,EQUAL,SIMILAR,MEDIUM,SEMI_FORMAL,AUTHORITY,F022-A,TUMI,APNI,TUMI|APNI,ANSWERABLE,HIGH,FAMILIARITY|SETTING,0.25,MODERATE,NONE,AI_CANDIDATE_REVISED,REVIEWED,DEVELOPMENT,SOCIALCUE-BN-GOLD-V1.0
F022-C,F022,C,Quiz er syllabus ta abar bole deya jabe?,UNCLEAR,ACADEMIC,QUESTION,STUDENT,COURSE_CONTACT,HIGHER,SIMILAR,HIGH,SEMI_FORMAL,FAMILIARITY,F022-A,APNI,TUMI,APNI|TUMI,ANSWERABLE,HIGH,AUTHORITY|FAMILIARITY|SETTING,0.25,MODERATE,NONE,AI_CANDIDATE_REVISED,REVIEWED,DEVELOPMENT,SOCIALCUE-BN-GOLD-V1.0
F023-A,F023,A,Seminar er jogdaner thikana ta pathano jabe?,UNCLEAR,ACADEMIC,REQUEST,UNIVERSITY_MEMBER,SEMINAR_CONTACT,EQUAL,OLDER,MEDIUM,SEMI_FORMAL,NONE,F023-B|F023-C,APNI,TUMI,APNI|TUMI,ANSWERABLE,HIGH,AGE|FAMILIARITY|SETTING,0.143,LIGHT,NONE,AI_CANDIDATE_REVISED,REVIEWED,DEVELOPMENT,SOCIALCUE-BN-GOLD-V1.0
F023-B,F023,B,Seminar er jogdaner thikana ta pathano jabe?,UNCLEAR,ACADEMIC,REQUEST,UNIVERSITY_MEMBER,SEMINAR_CONTACT,EQUAL,SIMILAR,MEDIUM,SEMI_FORMAL,AGE,F023-A,TUMI,APNI,TUMI|APNI,ANSWERABLE,HIGH,FAMILIARITY|SETTING,0.143,LIGHT,NONE,AI_CANDIDATE_REVISED,REVIEWED,DEVELOPMENT,SOCIALCUE-BN-GOLD-V1.0
F023-C,F023,C,Seminar er jogdaner thikana ta pathano jabe?,UNCLEAR,ACADEMIC,REQUEST,UNIVERSITY_MEMBER,SEMINAR_CONTACT,EQUAL,OLDER,MEDIUM,INFORMAL,SETTING,F023-A,APNI,TUMI,APNI|TUMI,ANSWERABLE,HIGH,AGE|FAMILIARITY|SETTING,0.143,LIGHT,NONE,AI_CANDIDATE_REVISED,REVIEWED,DEVELOPMENT,SOCIALCUE-BN-GOLD-V1.0
F024-A,F024,A,Library boi ta kobe ferot dite hobe?,UNCLEAR,ACADEMIC,QUESTION,LIBRARY_USER,LIBRARY_CONTACT,EQUAL,SIMILAR,HIGH,INFORMAL,NONE,F024-B|F024-C,TUMI,,TUMI,ANSWERABLE,HIGH,FAMILIARITY|SETTING,0.143,LIGHT,NONE,AI_CANDIDATE_REVISED,REVIEWED,DEVELOPMENT,SOCIALCUE-BN-GOLD-V1.0
F024-B,F024,B,Library boi ta kobe ferot dite hobe?,UNCLEAR,ACADEMIC,QUESTION,LIBRARY_USER,LIBRARY_CONTACT,HIGHER,SIMILAR,HIGH,INFORMAL,AUTHORITY,F024-A,APNI,TUMI,APNI|TUMI,ANSWERABLE,HIGH,AUTHORITY|FAMILIARITY|SETTING,0.143,LIGHT,NONE,AI_CANDIDATE_REVISED,REVIEWED,DEVELOPMENT,SOCIALCUE-BN-GOLD-V1.0
F024-C,F024,C,Library boi ta kobe ferot dite hobe?,UNCLEAR,ACADEMIC,QUESTION,LIBRARY_USER,LIBRARY_CONTACT,EQUAL,OLDER,HIGH,INFORMAL,AGE,F024-A,TUMI,APNI,TUMI|APNI,ANSWERABLE,HIGH,AGE|FAMILIARITY|SETTING,0.143,LIGHT,NONE,AI_CANDIDATE_REVISED,REVIEWED,DEVELOPMENT,SOCIALCUE-BN-GOLD-V1.0
F025-A,F025,A,Prostab ta ajke dekha jabe?,UNCLEAR,ACADEMIC,REQUEST,PROJECT_MEMBER,PROJECT_CONTACT,LOWER,YOUNGER,HIGH,INFORMAL,NONE,F025-B|F025-C,TUI,TUMI,TUI|TUMI,ANSWERABLE,HIGH,AUTHORITY|AGE|FAMILIARITY|SETTING,0,NONE,NONE,AI_CANDIDATE_REVISED,REVIEWED,DEVELOPMENT,SOCIALCUE-BN-GOLD-V1.0
F025-B,F025,B,Prostab ta ajke dekha jabe?,UNCLEAR,ACADEMIC,REQUEST,PROJECT_MEMBER,PROJECT_CONTACT,EQUAL,YOUNGER,HIGH,INFORMAL,AUTHORITY,F025-A,TUMI,TUI,TUMI|TUI,ANSWERABLE,HIGH,AGE|FAMILIARITY|SETTING,0,NONE,NONE,AI_CANDIDATE_REVISED,REVIEWED,DEVELOPMENT,SOCIALCUE-BN-GOLD-V1.0
F025-C,F025,C,Prostab ta ajke dekha jabe?,UNCLEAR,ACADEMIC,REQUEST,PROJECT_MEMBER,PROJECT_CONTACT,LOWER,YOUNGER,LOW,INFORMAL,FAMILIARITY,F025-A,APNI,TUMI,APNI|TUMI,ANSWERABLE,HIGH,AUTHORITY|AGE|FAMILIARITY|SETTING,0,NONE,NONE,AI_CANDIDATE_REVISED,REVIEWED,DEVELOPMENT,SOCIALCUE-BN-GOLD-V1.0
F026-A,F026,A,Exam er kakkho ta jana ache?,UNCLEAR,ACADEMIC,QUESTION,STUDENT,ACADEMIC_CONTACT,EQUAL,SIMILAR,MEDIUM,SEMI_FORMAL,NONE,F026-B|F026-C,TUMI,APNI,TUMI|APNI,ANSWERABLE,HIGH,FAMILIARITY|SETTING,0.167,MODERATE,NONE,AI_CANDIDATE_REVISED,REVIEWED,DEVELOPMENT,SOCIALCUE-BN-GOLD-V1.0
F026-B,F026,B,Exam er kakkho ta jana ache?,UNCLEAR,ACADEMIC,QUESTION,STUDENT,ACADEMIC_CONTACT,HIGHER,SIMILAR,MEDIUM,SEMI_FORMAL,AUTHORITY,F026-A,APNI,TUMI,APNI|TUMI,ANSWERABLE,HIGH,AUTHORITY|SETTING,0.167,MODERATE,NONE,AI_CANDIDATE_REVISED,REVIEWED,DEVELOPMENT,SOCIALCUE-BN-GOLD-V1.0
F026-C,F026,C,Exam er kakkho ta jana ache?,UNCLEAR,ACADEMIC,QUESTION,STUDENT,ACADEMIC_CONTACT,EQUAL,SIMILAR,MEDIUM,FORMAL,SETTING,F026-A,APNI,TUMI,APNI|TUMI,ANSWERABLE,HIGH,FAMILIARITY|SETTING,0.167,MODERATE,NONE,AI_CANDIDATE_REVISED,REVIEWED,DEVELOPMENT,SOCIALCUE-BN-GOLD-V1.0
F027-A,F027,A,Attendance record ta ekbar check kora jabe?,UNCLEAR,ACADEMIC,REQUEST,STUDENT,COURSE_CONTACT,EQUAL,YOUNGER,HIGH,INFORMAL,NONE,F027-B|F027-C,TUMI,TUI,TUMI|TUI,ANSWERABLE,HIGH,AGE|FAMILIARITY|SETTING,0.286,MODERATE,NONE,AI_CANDIDATE_REVISED,REVIEWED,DEVELOPMENT,SOCIALCUE-BN-GOLD-V1.0
F027-B,F027,B,Attendance record ta ekbar check kora jabe?,UNCLEAR,ACADEMIC,REQUEST,STUDENT,COURSE_CONTACT,EQUAL,OLDER,HIGH,INFORMAL,AGE,F027-A,TUMI,APNI,TUMI|APNI,ANSWERABLE,HIGH,AGE|FAMILIARITY|SETTING,0.286,MODERATE,NONE,AI_CANDIDATE_REVISED,REVIEWED,DEVELOPMENT,SOCIALCUE-BN-GOLD-V1.0
F027-C,F027,C,Attendance record ta ekbar check kora jabe?,UNCLEAR,ACADEMIC,REQUEST,STUDENT,COURSE_CONTACT,EQUAL,YOUNGER,LOW,INFORMAL,FAMILIARITY,F027-A,APNI,TUMI,APNI|TUMI,ANSWERABLE,HIGH,AGE|FAMILIARITY|SETTING,0.286,MODERATE,NONE,AI_CANDIDATE_REVISED,REVIEWED,DEVELOPMENT,SOCIALCUE-BN-GOLD-V1.0
F028-A,F028,A,Thesis meeting ta onno dine neya jabe?,UNCLEAR,ACADEMIC,REQUEST,THESIS_STUDENT,THESIS_CONTACT,EQUAL,SIMILAR,HIGH,INFORMAL,NONE,F028-B|F028-C,TUMI,,TUMI,ANSWERABLE,HIGH,FAMILIARITY|SETTING,0.286,MODERATE,NONE,AI_CANDIDATE_REVISED,REVIEWED,DEVELOPMENT,SOCIALCUE-BN-GOLD-V1.0
F028-B,F028,B,Thesis meeting ta onno dine neya jabe?,UNCLEAR,ACADEMIC,REQUEST,THESIS_STUDENT,THESIS_CONTACT,EQUAL,OLDER,HIGH,INFORMAL,AGE,F028-A,TUMI,APNI,TUMI|APNI,ANSWERABLE,HIGH,AGE|FAMILIARITY|SETTING,0.286,MODERATE,NONE,AI_CANDIDATE_REVISED,REVIEWED,DEVELOPMENT,SOCIALCUE-BN-GOLD-V1.0
F028-C,F028,C,Thesis meeting ta onno dine neya jabe?,UNCLEAR,ACADEMIC,REQUEST,THESIS_STUDENT,THESIS_CONTACT,EQUAL,SIMILAR,HIGH,FORMAL,SETTING,F028-A,APNI,TUMI,APNI|TUMI,ANSWERABLE,HIGH,FAMILIARITY|SETTING,0.286,MODERATE,NONE,AI_CANDIDATE_REVISED,REVIEWED,DEVELOPMENT,SOCIALCUE-BN-GOLD-V1.0
F029-A,F029,A,Motamoter bishoygulo ektu bojhano jabe?,UNCLEAR,ACADEMIC,FOLLOW_UP,STUDENT,ACADEMIC_REVIEWER,EQUAL,SIMILAR,HIGH,INFORMAL,NONE,F029-B|F029-C,TUMI,,TUMI,ANSWERABLE,HIGH,FAMILIARITY|SETTING,0,NONE,NONE,AI_CANDIDATE_REVISED,REVIEWED,DEVELOPMENT,SOCIALCUE-BN-GOLD-V1.0
F029-B,F029,B,Motamoter bishoygulo ektu bojhano jabe?,UNCLEAR,ACADEMIC,FOLLOW_UP,STUDENT,ACADEMIC_REVIEWER,EQUAL,SIMILAR,LOW,INFORMAL,FAMILIARITY,F029-A,APNI,TUMI,APNI|TUMI,ANSWERABLE,HIGH,FAMILIARITY|SETTING,0,NONE,NONE,AI_CANDIDATE_REVISED,REVIEWED,DEVELOPMENT,SOCIALCUE-BN-GOLD-V1.0
F029-C,F029,C,Motamoter bishoygulo ektu bojhano jabe?,UNCLEAR,ACADEMIC,FOLLOW_UP,STUDENT,ACADEMIC_REVIEWER,EQUAL,SIMILAR,HIGH,FORMAL,SETTING,F029-A,APNI,TUMI,APNI|TUMI,ANSWERABLE,HIGH,FAMILIARITY|SETTING,0,NONE,NONE,AI_CANDIDATE_REVISED,REVIEWED,DEVELOPMENT,SOCIALCUE-BN-GOLD-V1.0
F030-A,F030,A,Group assignment er kaj ta vag kore neya jabe?,UNCLEAR,ACADEMIC,SUGGESTION,STUDENT_GROUP_MEMBER,STUDENT_GROUP_MEMBER,HIGHER,SIMILAR,MEDIUM,SEMI_FORMAL,NONE,F030-B|F030-C,APNI,TUMI,APNI|TUMI,ANSWERABLE,HIGH,AUTHORITY|SETTING,0.222,MODERATE,NONE,AI_CANDIDATE_REVISED,REVIEWED,DEVELOPMENT,SOCIALCUE-BN-GOLD-V1.0
F030-B,F030,B,Group assignment er kaj ta vag kore neya jabe?,UNCLEAR,ACADEMIC,SUGGESTION,STUDENT_GROUP_MEMBER,STUDENT_GROUP_MEMBER,EQUAL,SIMILAR,MEDIUM,SEMI_FORMAL,AUTHORITY,F030-A,TUMI,APNI,TUMI|APNI,ANSWERABLE,HIGH,FAMILIARITY|SETTING,0.222,MODERATE,NONE,AI_CANDIDATE_REVISED,REVIEWED,DEVELOPMENT,SOCIALCUE-BN-GOLD-V1.0
F030-C,F030,C,Group assignment er kaj ta vag kore neya jabe?,UNCLEAR,ACADEMIC,SUGGESTION,STUDENT_GROUP_MEMBER,STUDENT_GROUP_MEMBER,HIGHER,SIMILAR,HIGH,SEMI_FORMAL,FAMILIARITY,F030-A,APNI,TUMI,APNI|TUMI,ANSWERABLE,HIGH,AUTHORITY|FAMILIARITY|SETTING,0.222,MODERATE,NONE,AI_CANDIDATE_REVISED,REVIEWED,DEVELOPMENT,SOCIALCUE-BN-GOLD-V1.0
